카테고리: 모든 카테고리,
,
시간,ai: (대한민국)
2025-06-02T06:36:00+09:00,50
2025-06-02T06:44:00+09:00,46
2025-06-02T06:52:00+09:00,47
2025-06-02T07:00:00+09:00,59
2025-06-02T07:08:00+09:00,40
2025-06-02T07:16:00+09:00,44
2025-06-02T07:24:00+09:00,45
2025-06-02T07:32:00+09:00,46
2025-06-02T07:40:00+09:00,49
2025-06-02T07:48:00+09:00,43
2025-06-02T07:56:00+09:00,47
2025-06-02T08:04:00+09:00,53
2025-06-02T08:12:00+09:00,57
2025-06-02T08:20:00+09:00,50
2025-06-02T08:28:00+09:00,54
2025-06-02T08:36:00+09:00,68
2025-06-02T08:44:00+09:00,62
2025-06-02T08:52:00+09:00,78
2025-06-02T09:00:00+09:00,82
2025-06-02T09:08:00+09:00,80
2025-06-02T09:16:00+09:00,81
2025-06-02T09:24:00+09:00,88
2025-06-02T09:32:00+09:00,87
2025-06-02T09:40:00+09:00,89
2025-06-02T09:48:00+09:00,97
2025-06-02T09:56:00+09:00,88
2025-06-02T10:04:00+09:00,75
2025-06-02T10:12:00+09:00,90
2025-06-02T10:20:00+09:00,84
2025-06-02T10:28:00+09:00,79
2025-06-02T10:36:00+09:00,92
2025-06-02T10:44:00+09:00,92
2025-06-02T10:52:00+09:00,97
2025-06-02T11:00:00+09:00,85
2025-06-02T11:08:00+09:00,91
2025-06-02T11:16:00+09:00,90
2025-06-02T11:24:00+09:00,93
2025-06-02T11:32:00+09:00,88
2025-06-02T11:40:00+09:00,92
2025-06-02T11:48:00+09:00,78
2025-06-02T11:56:00+09:00,82
2025-06-02T12:04:00+09:00,77
2025-06-02T12:12:00+09:00,85
2025-06-02T12:20:00+09:00,75
2025-06-02T12:28:00+09:00,75
2025-06-02T12:36:00+09:00,78
2025-06-02T12:44:00+09:00,66
2025-06-02T12:52:00+09:00,76
2025-06-02T13:00:00+09:00,69
2025-06-02T13:08:00+09:00,77
2025-06-02T13:16:00+09:00,75
2025-06-02T13:24:00+09:00,82
2025-06-02T13:32:00+09:00,94
2025-06-02T13:40:00+09:00,86
2025-06-02T13:48:00+09:00,96
2025-06-02T13:56:00+09:00,82
2025-06-02T14:04:00+09:00,92
2025-06-02T14:12:00+09:00,89
2025-06-02T14:20:00+09:00,92
2025-06-02T14:28:00+09:00,87
2025-06-02T14:36:00+09:00,100
2025-06-02T14:44:00+09:00,87
2025-06-02T14:52:00+09:00,94
2025-06-02T15:00:00+09:00,84
2025-06-02T15:08:00+09:00,87
2025-06-02T15:16:00+09:00,86
2025-06-02T15:24:00+09:00,84
2025-06-02T15:32:00+09:00,86
2025-06-02T15:40:00+09:00,84
2025-06-02T15:48:00+09:00,82
2025-06-02T15:56:00+09:00,81
2025-06-02T16:04:00+09:00,75
2025-06-02T16:12:00+09:00,80
2025-06-02T16:20:00+09:00,78
2025-06-02T16:28:00+09:00,71
2025-06-02T16:36:00+09:00,73
2025-06-02T16:44:00+09:00,81
2025-06-02T16:52:00+09:00,76
2025-06-02T17:00:00+09:00,73
2025-06-02T17:08:00+09:00,67
2025-06-02T17:16:00+09:00,70
2025-06-02T17:24:00+09:00,72
2025-06-02T17:32:00+09:00,67
2025-06-02T17:40:00+09:00,71
2025-06-02T17:48:00+09:00,67
2025-06-02T17:56:00+09:00,67
2025-06-02T18:04:00+09:00,62
2025-06-02T18:12:00+09:00,67
2025-06-02T18:20:00+09:00,72
2025-06-02T18:28:00+09:00,61
2025-06-02T18:36:00+09:00,56
2025-06-02T18:44:00+09:00,59
2025-06-02T18:52:00+09:00,67
2025-06-02T19:00:00+09:00,55
2025-06-02T19:08:00+09:00,56
2025-06-02T19:16:00+09:00,58
2025-06-02T19:24:00+09:00,54
2025-06-02T19:32:00+09:00,57
2025-06-02T19:40:00+09:00,62
2025-06-02T19:48:00+09:00,60
2025-06-02T19:56:00+09:00,66
2025-06-02T20:04:00+09:00,57
2025-06-02T20:12:00+09:00,58
2025-06-02T20:20:00+09:00,57
2025-06-02T20:28:00+09:00,68
2025-06-02T20:36:00+09:00,62
2025-06-02T20:44:00+09:00,62
2025-06-02T20:52:00+09:00,59
2025-06-02T21:00:00+09:00,55
2025-06-02T21:08:00+09:00,60
2025-06-02T21:16:00+09:00,64
2025-06-02T21:24:00+09:00,64
2025-06-02T21:32:00+09:00,58
2025-06-02T21:40:00+09:00,62
2025-06-02T21:48:00+09:00,67
2025-06-02T21:56:00+09:00,62
2025-06-02T22:04:00+09:00,64
2025-06-02T22:12:00+09:00,71
2025-06-02T22:20:00+09:00,68
2025-06-02T22:28:00+09:00,61
2025-06-02T22:36:00+09:00,70
2025-06-02T22:44:00+09:00,70
2025-06-02T22:52:00+09:00,55
2025-06-02T23:00:00+09:00,61
2025-06-02T23:08:00+09:00,61
2025-06-02T23:16:00+09:00,59
2025-06-02T23:24:00+09:00,59
2025-06-02T23:32:00+09:00,64
2025-06-02T23:40:00+09:00,62
2025-06-02T23:48:00+09:00,67
2025-06-02T23:56:00+09:00,68
2025-06-03T00:04:00+09:00,64
2025-06-03T00:12:00+09:00,62
2025-06-03T00:20:00+09:00,64
2025-06-03T00:28:00+09:00,59
2025-06-03T00:36:00+09:00,66
2025-06-03T00:44:00+09:00,66
2025-06-03T00:52:00+09:00,71
2025-06-03T01:00:00+09:00,60
2025-06-03T01:08:00+09:00,59
2025-06-03T01:16:00+09:00,54
2025-06-03T01:24:00+09:00,57
2025-06-03T01:32:00+09:00,58
2025-06-03T01:40:00+09:00,57
2025-06-03T01:48:00+09:00,64
2025-06-03T01:56:00+09:00,64
2025-06-03T02:04:00+09:00,59
2025-06-03T02:12:00+09:00,60
2025-06-03T02:20:00+09:00,62
2025-06-03T02:28:00+09:00,53
2025-06-03T02:36:00+09:00,65
2025-06-03T02:44:00+09:00,51
2025-06-03T02:52:00+09:00,76
2025-06-03T03:00:00+09:00,65
2025-06-03T03:08:00+09:00,57
2025-06-03T03:16:00+09:00,78
2025-06-03T03:24:00+09:00,73
2025-06-03T03:32:00+09:00,63
2025-06-03T03:40:00+09:00,51
2025-06-03T03:48:00+09:00,85
2025-06-03T03:56:00+09:00,60
2025-06-03T04:04:00+09:00,89
2025-06-03T04:12:00+09:00,84
2025-06-03T04:20:00+09:00,49
2025-06-03T04:28:00+09:00,57
2025-06-03T04:36:00+09:00,67
2025-06-03T04:44:00+09:00,58
2025-06-03T04:52:00+09:00,55
2025-06-03T05:00:00+09:00,48
2025-06-03T05:08:00+09:00,53
2025-06-03T05:16:00+09:00,48
2025-06-03T05:24:00+09:00,51
2025-06-03T05:32:00+09:00,43
2025-06-03T05:40:00+09:00,48
2025-06-03T05:48:00+09:00,59
2025-06-03T05:56:00+09:00,46
2025-06-03T06:04:00+09:00,61
2025-06-03T06:12:00+09:00,49
2025-06-03T06:20:00+09:00,50
2025-06-03T06:28:00+09:00,38
2025-06-03T06:36:00+09:00,47